프로젝트,인텐트,인텐트 카테고리,No. (TE/TR),발화,TR/TE,담당자,비고,킴블린,데일,슬리,이사벨
대학교 공통봇,공지사항,,6/17,공지사항 보여줘,TE,킴블린,,,,,
대학교 공통봇,공지사항,,6/17,공지사항이 뜬 거 있는지 알고 싶네,TR,킴블린,,,,,
대학교 공통봇,공지사항,,6/17,공지사항이 새로 올라온 게 있는지 알려주세요,TR,킴블린,,,,,
대학교 공통봇,공지사항,,6/17,혹시 공지 올라온 것 있을까요,TR,킴블린,,,,,
대학교 공통봇,공지사항,,6/17,뉴 공지 올라온 거 있냐,TR,킴블린,,,,,
대학교 공통봇,고객정보변경,,18/64,폰 번호 어디에서 수정해,TE,킴블린,,,,,
대학교 공통봇,고객정보변경,,18/64,거주지 주소가 변경되었는데요,TE,킴블린,,,,,
대학교 공통봇,고객정보변경,,18/64,이번에 전화번호를 바꿔서 인적 사항 수정하려고요,TR,킴블린,,,,,
대학교 공통봇,고객정보변경,,18/64,핸드폰 번호 잘못 썼는데 이거 어떻게 고쳐요,TR,킴블린,,,,,
대학교 공통봇,고객정보변경,,18/64,이사 가서 개인정보에 있는 집 주소 수정하려고요,TR,킴블린,,,,,
대학교 공통봇,증명발급안내,,13/53,증명서 발급기 위치,TE,킴블린,,제거 / 인텐트 삭제해도 될 것 같음: 대학교공통봇은 모두가 같이 체크한 프젝이라 일단 삭제 안 했습니다,탈도메인은 아닌 것 같아서 삭제해도 될 것 같음,,제거
대학교 공통봇,증명발급안내,,13/53,증명서 자동 발급기 있는 건물 알려줘,TE,킴블린,,,,,
대학교 공통봇,증명발급안내,,13/53,증명서 떼는 방법 어디서 찾아볼 수 있어,TR,킴블린,,,,,
대학교 공통봇,증명발급안내,,13/53,증명서 발급할 수 있는 주소 좀 줘봐,TR,킴블린,,,,,
대학교 공통봇,증명발급안내,,13/53,공휴일에 증명서 발급 기계 쓸 수 있어,TR,킴블린,,,,,
대학교 공통봇,위치 안내,,1/3,건물 운영시간 안내,TE,킴블린,,,,,
대학교 공통봇,위치 안내,,1/3,건물 이름 나와 있는 지도 찾고 있는 중임,TR,킴블린,,,,,
대학교 공통봇,위치 안내,,1/3,건물마다 운영시간이 어떻게 되는지 알려줄래,TR,킴블린,,,,,
대학교 공통봇,위치 안내,,1/3,건물이 뭐가 뭔지 하나도 모르겠어요 지금,TR,킴블린,,,,,
대학교 공통봇,오시는길 안내,,4/12,갈 때 대중교통 뭐가 있어,TE,킴블린,,,,,
대학교 공통봇,오시는길 안내,,4/12,주차 요금 궁금해요,TE,킴블린,,,,,
대학교 공통봇,오시는길 안내,,4/12,주차권은 어디서 받으면 되나요,TR,킴블린,,,,,
대학교 공통봇,오시는길 안내,,4/12,주차권 구입하고 싶은데 어디서 살 수 있을까요,TR,킴블린,,,,,
대학교 공통봇,오시는길 안내,,4/12,어디가면 주차권 발급할 수 있니,TR,킴블린,,,,,
대학교 공통봇,채용정보,,13/51,취업관련 정보 얻고 싶어,TE,킴블린,,제거,채용정보 또한 탈도메인이라기엔 어색함,,제거
대학교 공통봇,채용정보,,13/51,채용공고 알려줘,TE,킴블린,,,,,제거
대학교 공통봇,채용정보,,13/51,직원모집 정보 알려주면 정말 좋겠어,TR,킴블린,,,,,제거
대학교 공통봇,채용정보,,13/51,신입사원 모집공고 보려면 어디로 들어가야 하나,TR,킴블린,,,,,제거
대학교 공통봇,채용정보,,13/51,공유 좀 부탁해 채용 공고 낸 데가 어딘지,TR,킴블린,,,,,제거
한국투자증권,가능시간,,1/8,영업점 몇시까지 가야되지,TE,킴블린,,,,,
한국투자증권,가능시간,,1/8,영업점 방문 가능시간,TR,킴블린,,,,,
한국투자증권,가능시간,,1/8,지점은 몇시에 열어,TR,킴블린,,,,,
한국투자증권,가능시간,,1/8,영업점은 몇시까지 가야되,TR,킴블린,,,,,
한국투자증권,가능시간,,1/8,지점 문여는 시간,TR,킴블린,,,,,
한국투자증권,개인정보 변경방법,,17/59,회사주소지변경은 어떻게해요,TE,킴블린,,,,,
한국투자증권,개인정보 변경방법,,17/59,등록된 개인정보는 어디서 바꿔,TE,킴블린,,,,,
한국투자증권,개인정보 변경방법,,17/59,이사가서 등록된 집주소를 바꾸고 싶은데요,TR,킴블린,,,,,
한국투자증권,개인정보 변경방법,,17/59,개인정보 주소변경,TR,킴블린,,,,,
한국투자증권,개인정보 변경방법,,17/59,우편물 받는 주소 수정,TR,킴블린,,,,,
한국투자증권,고객등급조회,,10/56,VIP등급인지 어떻게 알아,TE,킴블린,,,금융 도메인 한정이라고 생각,제거,제거
한국투자증권,고객등급조회,,10/56,스마트폰으로 고객등급조회 하는 방법 문의,TE,킴블린,,,,,제거
한국투자증권,고객등급조회,,10/56,고객등급별 서비스를 알려주겠늬,TR,킴블린,,,,,제거
한국투자증권,고객등급조회,,10/56,고객등급을 확인하는 방법은,TR,킴블린,,,,,제거
한국투자증권,고객등급조회,,10/56,어플에서 고객등급 확인하는 방법이 있나요,TR,킴블린,,,,,제거
한국투자증권,고객명 변경방법,,17/42,개명 후 이름 변경 신청,TE,킴블린,,금융 도메인 특성상 '개명'으로 인한 고객명 변경을 무겁게 다루는 듯 - 추후 다른 프로젝트의 '고객정보수정' 인텐트에 일부만 반영하는 것이 좋아보임,,,
한국투자증권,고객명 변경방법,,17/42,온라인으로는 고객명변경이 어렵나요,TE,킴블린,,,,,
한국투자증권,고객명 변경방법,,17/42,개명했는데 이름 어떻게 바꿔요,TR,킴블린,,,,,
한국투자증권,고객명 변경방법,,17/42,개명으로 인한 고객명 변경은 지점 방문만 가능한가요,TR,킴블린,,,,,
한국투자증권,고객명 변경방법,,17/42,개명해서 고객명 바꾸려면,TR,킴블린,,,,,
한국투자증권,고객센터 상담_번호안내,,16/67,상담직원이랑 전화하고 싶은데,TE,킴블린,,,,,
한국투자증권,고객센터 상담_번호안내,,16/67,고객센터상담가능시간,TE,킴블린,,,,,
한국투자증권,고객센터 상담_번호안내,,16/67,콜센터 번호 몇번,TR,킴블린,,,,,
한국투자증권,고객센터 상담_번호안내,,16/67,상담사 통화 어떻게해,TR,킴블린,,,,,
한국투자증권,고객센터 상담_번호안내,,16/67,외국에서 상담원이랑 통화할려면,TR,킴블린,,,,,
한국투자증권,비밀번호 변경 방법,,9/60,ID비밀번호 바꿀 수 있어요,TE,킴블린,,ID에 대한 내용 포함 - ID 변경 인텐트와 합치면 좋을 것 같음,,,
한국투자증권,비밀번호 변경 방법,,9/60,비밀번호 변경 방법,TE,킴블린,,,,,
한국투자증권,비밀번호 변경 방법,,9/60,비밀번호 바꿀려면 지점 가야하니,TR,킴블린,,,,,
한국투자증권,비밀번호 변경 방법,,9/60,비밀번호 변경시 홈페이지에서도 가능한지,TR,킴블린,,,,,
한국투자증권,비밀번호 변경 방법,,9/60,누군가 내 ID로 로그인한거 같은데 비밀번호 바꿔야 겠어,TR,킴블린,,,,,
한국투자증권,사고신고 접수 방법,,7/23,고객센터에 사고신고 하고싶어,TE,킴블린,,"카드사, 택배사, 커머스(배송 중 분실) 등에서 활용 가능할 것이라 생각",글로벌하진 X,제거,제거
한국투자증권,사고신고 접수 방법,,7/23,챗봇으로 사고신고 할 수 있어,TE,킴블린,,,,,
한국투자증권,사고신고 접수 방법,,7/23,사고신고 고객센터 연락처 문의,TR,킴블린,,,,,
한국투자증권,사고신고 접수 방법,,7/23,ARS로 직접 사고신고 할수 있어,TR,킴블린,,,,,
한국투자증권,사고신고 접수 방법,,7/23,사고신고 방법이 궁금해,TR,킴블린,,,,,
한국투자증권,신분증 확인방법,,17/61,핸드폰 카메라가 자꾸 오류떠서 신분증을 찍을 수 없어요,TE,킴블린,,"은행, 주식, 간편결제 등 본인 인증 필요 도메인에서 활용 가능할 것이라 생각",애매..,금융 이외에 또 있을까요?,제거
한국투자증권,신분증 확인방법,,17/61,신분증 인증하는데 촬영 오류가 나요,TE,킴블린,,,,,
한국투자증권,신분증 확인방법,,17/61,신분증 찍는 카메라 화면 검은색,TR,킴블린,,,,,
한국투자증권,신분증 확인방법,,17/61,어플로 가입을 위해 신분증을 촬영해야하는데 신분증이 지금 여권밖에 없습니다,TR,킴블린,,,,,
한국투자증권,신분증 확인방법,,17/61,신분증 확인불가하대는데 모야,TR,킴블린,,,,,
한국투자증권,알림서비스,,2/13,홈페이지에서 알림 서비스 신청,TE,킴블린,,,,,
한국투자증권,알림서비스,,2/13,알림서비스 어디서 찾을 수 있어,TE,킴블린,,,,,
한국투자증권,알림서비스,,2/13,알림거부 서비스 신청 어떻게해,TR,킴블린,,,,,
한국투자증권,알림서비스,,2/13,알림톡 설정 변경하는거 어떻게해,TR,킴블린,,,,,
한국투자증권,알림서비스,,2/13,알림 설정,TR,킴블린,,,,,
한국투자증권,영업점 위치_번호 안내,,13/63,여의도 지점 방문하려고,TE,킴블린,,,엔티티에 따라 다를듯,제거,제거
한국투자증권,영업점 위치_번호 안내,,13/63,문의가 있어서 영업점이랑 통화하고 싶어요,TE,킴블린,,,,,
한국투자증권,영업점 위치_번호 안내,,13/63,지점에 전화해야하는데 전화번호 뭐야,TR,킴블린,,,,,
한국투자증권,영업점 위치_번호 안내,,13/63,지점 문의가 필요한데 전화번호 알려주세요,TR,킴블린,,,,,
한국투자증권,영업점 위치_번호 안내,,13/63,수지 지점 위치 알려주세여,TR,킴블린,,,,,
한국투자증권,인증서 가져오기 방법,,17/70,핸드폰에 있는 공인인증서를 PC로 보내는 방법,TE,킴블린,,"은행, 주식, 간편결제 등 본인 인증 필요 도메인에서 활용 가능할 것이라 생각",금융권에 한함,제거,제거
한국투자증권,인증서 가져오기 방법,,17/70,공동 인증서 복사하는 방법 문의,TE,킴블린,,,,,
한국투자증권,인증서 가져오기 방법,,17/70,인증서 어떻게 옮기나요,TR,킴블린,,,,,
한국투자증권,인증서 가져오기 방법,,17/70,인증서 가져와서 보내는 메뉴는 어디에 있어,TR,킴블린,,,,,
한국투자증권,인증서 가져오기 방법,,17/70,스마트폰 PC 동시 공인인증서 못쓰는 건가,TR,킴블린,,,,,
한국투자증권,정정취소거래 방법,,3/28,주문 철회는 어디서해,TE,킴블린,,주식 주문에 관한 내용이나 일반 상품 주문과도 Fit한 발화들을 추출,금융권에 한함,제거,제거
한국투자증권,정정취소거래 방법,,3/28,자꾸 안되는데 주문취소가,TE,킴블린,,,,,
한국투자증권,정정취소거래 방법,,3/28,주문 정정하는 방법을 모르겟어,TR,킴블린,,,,,
한국투자증권,정정취소거래 방법,,3/28,주문한거 그냥 취소할래,TR,킴블린,,,,,
한국투자증권,정정취소거래 방법,,3/28,주문 취소할수 잇음,TR,킴블린,,,,,
한국투자증권,한국투자인증 이용 방법,,14/75,휴대폰 교체해서 간편인증을 다시 등록하고 싶어요,TE,킴블린,,많은 도메인의 어플에서 페이스아이디/생체인증 로그인을 활용하기에 추출,,,제거
한국투자증권,한국투자인증 이용 방법,,14/75,바이오 아이디로 인증이 안되네요,TE,킴블린,,,,,
한국투자증권,한국투자인증 이용 방법,,14/75,생체 인증이 잠기면 어떻게해요,TR,킴블린,,,,,
한국투자증권,한국투자인증 이용 방법,,14/75,페이스아이디가 자꾸  인증이 안되요,TR,킴블린,,,,,
한국투자증권,한국투자인증 이용 방법,,14/75,간편비번 여러 번 틀렸어요,TR,킴블린,,,,,
암웨이,가입방법문의,,7/52,회원가입 방법 말해주세요,TE,킴블린,,,,,제거
암웨이,가입방법문의,,7/52,회원은 아무나 가입돼,TE,킴블린,,,,,
암웨이,가입방법문의,,7/52,회원 가입을 희망하니 방법 안내,TR,킴블린,,,,,
암웨이,가입방법문의,,7/52,저 가입은 어떻게 하는거지,TR,킴블린,,,,,
암웨이,가입방법문의,,7/52,회원가입 방법 말해주세요,TR,킴블린,,,,,
암웨이,가입유의사항문의,,14/256,회원 등록할 건데 참고할 부분 알려줘,TE,킴블린,,,,,제거
암웨이,가입유의사항문의,,14/256,회원가입 과정에서 본인인증해야 해,TE,킴블린,,,,,
암웨이,가입유의사항문의,,14/256,가입 시 연락처 뭐 주의해야 해,TR,킴블린,,,,,
암웨이,가입유의사항문의,,14/256,신청 원하는데 알아야 할 주의사항 뭐 있음,TR,킴블린,,,,,
암웨이,가입유의사항문의,,14/256,가입 시 체크해야 하는 유의사항 상담하고 싶은데 될까요,TR,킴블린,,,,,
암웨이,가입자격문의,,6/145,가입자격 알려주세요,TE,킴블린,,,이것도 애매함,,제거
암웨이,가입자격문의,,6/145,미성년자 가입 몇 살부터 가능해,TE,킴블린,,,,,
암웨이,가입자격문의,,6/145,프랑스 사람이 우리나라에서 회원 될 수 이써,TR,킴블린,,,,,
암웨이,가입자격문의,,6/145,가입 조건에 걸리나요 외국인 회원 가입,TR,킴블린,,,,,
암웨이,가입자격문의,,6/145,가입자격 알고 싶어,TR,킴블린,,,,,
암웨이,갱신방법문의,,9/102,갱신 원해요,TE,킴블린,,,보통 무엇을 갱신한다고 해서 엔티티 조합이 필요할듯,제거,제거
암웨이,갱신방법문의,,9/102,나 갱신할래,TE,킴블린,,,,,
암웨이,갱신방법문의,,9/102,갱신하는 방법 안내 필요해,TR,킴블린,,,,,
암웨이,갱신방법문의,,9/102,어따 요청하나요 갱신하고 싶으면,TR,킴블린,,,,,
암웨이,갱신방법문의,,9/102,본인 확인 필요해 갱신할 때,TR,킴블린,,,,,
암웨이,결제내역문의,,20/152,어느 경로로 결제 내역 확인해,TE,킴블린,,,,제거,제거
암웨이,결제내역문의,,20/152,체크카드로 결제한 것 확인 어떻게 할 수 있지,TE,킴블린,,,,,
암웨이,결제내역문의,,20/152,무통장입금 끝난 거 내역 자세히 볼 수 있는 곳 가르쳐주라,TR,킴블린,,,,,
암웨이,결제내역문의,,20/152,리스트 조회 좀 무통장 입금 한 것,TR,킴블린,,,,,
암웨이,결제내역문의,,20/152,신용카드 결제 마친 거 이력 확인하는 법 자세히 알려줘,TR,킴블린,,,,,
암웨이,결제방법문의,,6/42,전화주문할 때 결제는 무엇으로 하나요,TE,킴블린,,결제 방법에 따른 세분화 필요할지?,,제거,제거
암웨이,결제방법문의,,6/42,무통장입금,TE,킴블린,,,,,
암웨이,결제방법문의,,6/42,ars주문은 모든 결제 방법 가능하니,TR,킴블린,,,,,
암웨이,결제방법문의,,6/42,있지 체크카드 결제 방법이 궁금해,TR,킴블린,,,,,
암웨이,결제방법문의,,6/42,주문 시 어떤 결제 방법 이용 가능한지,TR,킴블린,,,,,
암웨이,결제수정요청,,15/207,결제한 카드 카드 정보 변경,TE,킴블린,,결제카드수정요청'이라고 보아야 더욱 적합할 듯,,제거,제거
암웨이,결제수정요청,,15/207,결제한 카드 다른 카드로 변경은 어떻게 하니,TE,킴블린,,,,,
암웨이,결제수정요청,,15/207,결제 이후에 체크카드 정보를 변경하려면 어떻게 해,TR,킴블린,,,,,
암웨이,결제수정요청,,15/207,이미 결제한 체크카드 교체하는 방법,TR,킴블린,,,,,
암웨이,결제수정요청,,15/207,변경할 수 있어 체크카드결제에서 신용카드로,TR,킴블린,,,,,
암웨이,교환방법문의,,6/114,교환 방법 알려주세요,TE,킴블린,,,,제거,제거
암웨이,교환방법문의,,6/114,교환을 원해요,TE,킴블린,,,,,
암웨이,교환방법문의,,6/114,어디서 해 제품 교환은,TR,킴블린,,,,,
암웨이,교환방법문의,,6/114,구입한 물건 교환 방법이 뭐야,TR,킴블린,,,,,
암웨이,교환방법문의,,6/114,방법을 모르겠어 제품 교환하는 거,TR,킴블린,,,,,
암웨이,반품내역문의,,4/31,어디서 반품한 내역 볼 수 있어,TE,킴블린,,,,제거,제거
암웨이,반품내역문의,,4/31,어디 가면 반품한 이력 조회 가능해,TE,킴블린,,,,,
암웨이,반품내역문의,,4/31,어디서 봐여 환불한 것들 좀 확인하려는데,TR,킴블린,,,,,
암웨이,반품내역문의,,4/31,어떻게 해 내가 한 리턴 내역 좀 보고 싶어,TR,킴블린,,,,,
암웨이,반품내역문의,,4/31,과거에 내가 환불했던거 그 제품들 다 말해줘요,TR,킴블린,,,,,
암웨이,반품및환불방법문의,,4/55,반품 가능한 곳 문의,TE,킴블린,,,,제거,제거
암웨이,반품및환불방법문의,,4/55,환불하는 절차가 어떻게 되나요,TE,킴블린,,,,,
암웨이,반품및환불방법문의,,4/55,환불 관련해서 문의사항,TR,킴블린,,,,,
암웨이,반품및환불방법문의,,4/55,반품하려는데 가능한 기간은 얼마나 돼,TR,킴블린,,,,,
암웨이,반품및환불방법문의,,4/55,일주일 전에 구매했던 상품이 있는데 그거 환불 되냐,TR,킴블린,,,,,
암웨이,배송방법문의,,3/27,배송 어떻게 해 줘요,TE,킴블린,,,,제거,제거
암웨이,배송방법문의,,3/27,배달 어떤 식으로 해 주니,TE,킴블린,,,,,
암웨이,배송방법문의,,3/27,복수 배송도 가능한가요,TR,킴블린,,하나의 물건을 여러곳으로~ 같은데 빼는 게 맞을지?,,,
암웨이,배송방법문의,,3/27,배송지에 여러 곳 써도 주문 되나요,TR,킴블린,,,,,
암웨이,배송방법문의,,3/27,그 내가 주문한 거 배송은 어떻게 받을 수 있는거야,TR,킴블린,,,,,
암웨이,배송불가지역문의,,7/39,상품 배달이 불가능한 지역은 어느 곳이야,TE,킴블린,,,,제거,제거
암웨이,배송불가지역문의,,7/39,제주도 배달 못 보내,TE,킴블린,,,,,
암웨이,배송불가지역문의,,7/39,설마 섬 산다고 해서 배송 안 오지는 않죠,TR,킴블린,,,,,
암웨이,배송불가지역문의,,7/39,여기 산골인데 여기까지 택배 올랑가,TR,킴블린,,,,,
암웨이,배송불가지역문의,,7/39,상품 배달이 불가능한 지역은 어느 곳이야,TR,킴블린,,,,,
암웨이,배송사고문의,,6/135,택배 사고 신고 방법이 어떻게 돼,TE,킴블린,,,,제거,제거
암웨이,배송사고문의,,6/135,운송 사고 어디에서 신고할 수 있어,TE,킴블린,,,,,
암웨이,배송사고문의,,6/135,제품이 파손된 채로 왔을 때는 어디에 문의해야 되니,TR,킴블린,,,,,
암웨이,배송사고문의,,6/135,깨진채로 온 제품 신고,TR,킴블린,,,,,
암웨이,배송사고문의,,6/135,제품 수송 중 생긴 하자가 있을 때,TR,킴블린,,,,,
암웨이,배송수수료문의,,6/82,지역별 배송료가 어떻게 되니,TE,킴블린,,,,제거,제거
암웨이,배송수수료문의,,6/82,배송료 지불해야 돼,TE,킴블린,,,,,
암웨이,배송수수료문의,,6/82,택배비 얼마쯤 함,TR,킴블린,,,,,
암웨이,배송수수료문의,,6/82,배달 요금 어느정도야,TR,킴블린,,,,,
암웨이,배송수수료문의,,6/82,제품 살때마다 택배 요금 붙니,TR,킴블린,,,,,
암웨이, 배송조회및일정문의,,6/74,택배 조회하고 싶어,TE,킴블린,,,,제거,제거
암웨이, 배송조회및일정문의,,6/74,어디에서 택배 조회할 수 있는 거야,TE,킴블린,,,,,
암웨이, 배송조회및일정문의,,6/74,택배 어디에 있는지 어케 암,TR,킴블린,,,,,
암웨이, 배송조회및일정문의,,6/74,지금 배송 진행 상황이 어떻게 되죠,TR,킴블린,,,,,
암웨이, 배송조회및일정문의,,6/74,제품 배송 진행이 어떻게 되고 있는지 확인하고 싶어,TR,킴블린,,,,,
암웨이,서비스혜택문의,,0/15,서비스 혜택에 관해 물어볼래,TR,킴블린,,,,보류,"서비스 '혜택'이라고 해서 좀 특별해 보이는데, 어휘를 바꾸면 사용할 수 있을 것 같기도 하구요...?"
암웨이,서비스혜택문의,,0/15,서비스 혜택에는 어떤 것들이 있는지 알려주세요,TR,킴블린,,,,,
암웨이,서비스혜택문의,,0/15,서비스 혜택에 어떤 게 있는지 문의,TR,킴블린,,,,,
암웨이,서비스혜택문의,,0/15,근데 신용카드 사용하면 혜택 있나요,TR,킴블린,,,,,
암웨이,서비스혜택문의,,0/15,신용카드로 구매하면 뭐가 좋은데,TR,킴블린,,,,,
암웨이,아이디및비밀번호찾기문의,,6/40,어떻게 비밀번호 찾아,TE,킴블린,,,,,제거
암웨이,아이디및비밀번호찾기문의,,6/40,어떻게 하면 아이디 찾을 수 있을까,TE,킴블린,,,,,
암웨이,아이디및비밀번호찾기문의,,6/40,비밀번호 뭐라고 설정했었는지 기억이 안 남,TR,킴블린,,,,,
암웨이,아이디및비밀번호찾기문의,,6/40,아이디 복구하는 방법 도대체 뭐야 바디키 어플,TR,킴블린,,,,,
암웨이,아이디및비밀번호찾기문의,,6/40,아이디 잃어버린거 같은데,TR,킴블린,,,,,
암웨이,영수증문의,,20/124,영수증 발부 방법이 어떻게 돼,TE,킴블린,,,,,제거
암웨이,영수증문의,,20/124,어디서 영수증 발급 신청해,TE,킴블린,,,,제거,
암웨이,영수증문의,,20/124,카드 구매 건 영수증 발급 가능한 곳 알려줘,TR,킴블린,,,,,
암웨이,영수증문의,,20/124,신카 전표 발급받는 방법 알려줘,TR,킴블린,,,,,
암웨이,영수증문의,,20/124,현금영수증 발급 신청은 어떻게 해,TR,킴블린,,,,,
암웨이,영업시간문의,,1/60,고객센터 통화 몇 시부터 돼,TE,킴블린,,,,,
암웨이,영업시간문의,,1/60,이용가능 시간 고객센타,TE,킴블린,,,,,
암웨이,영업시간문의,,1/60,너희 고객센터 주말에도 영업함,TE,킴블린,,,,,
암웨이,영업시간문의,,1/60,밤에도 전화 상담 할 수 있니,TE,킴블린,,,,,
암웨이,영업시간문의,,1/60,상담사 전화 몇 시부터 몇 시까지 가능한지 문의,TE,킴블린,,,,,
암웨이,위치문의,,0/7,매장 각각 어디 위치해 있고 주소 넘 궁금해,TR,킴블린,,,이건 건물 위치가 아닌 매장 위치에 한한다고 생각함,보류,
암웨이,위치문의,,0/7,내가 매장 한 번 방문하려고 하는데 주소 좀 알려줄래,TR,킴블린,,,,,
암웨이,위치문의,,0/7,가르쳐_ 오프라인 매장 위치요,TR,킴블린,,,,,
암웨이,위치문의,,0/7,오프라인 매장에 가는 방법 당장 알려줄래요,TR,킴블린,,,,,
암웨이,위치문의,,0/7,지금 오프라인 지점으로 가는 방법 좀 알 수 있을까,TR,킴블린,,,,,
암웨이,재가입방법문의,,10/55,탈퇴 후 재가입 어떻게 해,TE,킴블린,,,,,제거
암웨이,재가입방법문의,,10/55,탈퇴 후 멤버 재가입하는 절차 보여줘,TE,킴블린,,,,,
암웨이,재가입방법문의,,10/55,다시 가입하는 것 막히는 기간은 탈퇴 후,TR,킴블린,,,,,
암웨이,재가입방법문의,,10/55,새롭게 다시 가입하려는데 어디서 해줌,TR,킴블린,,,,,
암웨이,재가입방법문의,,10/55,탈퇴 후에 재가입은 어디서 할 수 있는지,TR,킴블린,,,,,
암웨이,정보수정요청,,14/141,주민등록번호 수정할 수 있지,TE,킴블린,,,,,
암웨이,정보수정요청,,14/141,이름 바꾸고 싶은데 어디서 합니까,TE,킴블린,,,,,
암웨이,정보수정요청,,14/141,결제 카드를 어떻게 바꾸죠,TR,킴블린,,결제정보수정요청,,,
암웨이,정보수정요청,,14/141,어디에서 정보 수정해 이름 개명했는데,TR,킴블린,,,,,
암웨이,정보수정요청,,14/141,좀 전에 산 물건 배송 주소를 변경해야 할 것 같아,TR,킴블린,,결제정보수정요청,,,
암웨이,주문내역문의,,6/53,주문 내역 확인하고 싶습니다,TE,킴블린,,,,제거,제거
암웨이,주문내역문의,,6/53,고객 주문 내역은 어디서 보는지,TE,킴블린,,,,,
암웨이,주문내역문의,,6/53,주문한 거 확인 좀 하려고 하는데 어디로 가냐,TR,킴블린,,,,,
암웨이,주문내역문의,,6/53,아까 주문한 거 보고 싶은데 방법 알려 주실래요,TR,킴블린,,,,,
암웨이,주문내역문의,,6/53,어떻게 보는데 여태껏 주문한 거,TR,킴블린,,,,,
암웨이,주문및결제취소문의,,16/81,주문 취소 요청드려요,TE,킴블린,,,,제거,제거
암웨이,주문및결제취소문의,,16/81,주문 삭제해 주세요,TE,킴블린,,,,,
암웨이,주문및결제취소문의,,16/81,주문 어떻게 하면 삭제할 수 있는지 알려줘,TR,킴블린,,,,,
암웨이,주문및결제취소문의,,16/81,카드로 산 거 모두 취소하려면 어떻게 해야 돼요,TR,킴블린,,,,,
암웨이,주문및결제취소문의,,16/81,어떻게 해야 정상적으로 취소가 가능할까,TR,킴블린,,,,,
암웨이,주문방법문의,,2/35,전화 주문 넣기,TE,킴블린,,주로 전화 주문에 대한 내용임,,제거,제거
암웨이,주문방법문의,,2/35,전화 주문으로 오더하려면,TE,킴블린,,,,,
암웨이,주문방법문의,,2/35,ARS자동응답으로 주문 시키는 방법,TR,킴블린,,,,,
암웨이,주문방법문의,,2/35,전화주문으로 오더 넣기 어떻게 하는 걸까요,TE,킴블린,,,,,
암웨이,주문방법문의,,2/35,저 주문을 하려고 하는데 안내 좀 해줄 수 있을까,TR,킴블린,,,,,
암웨이,주문수정요청,,3/150,주문 내용 변경하기,TE,킴블린,,,,제거,제거
암웨이,주문수정요청,,3/150,아까 산 물건 바꾸려 하는데 어케함,TE,킴블린,,,,,
암웨이,주문수정요청,,3/150,주문했던 상품 바꾸고 싶어,TR,킴블린,,,,,
암웨이,주문수정요청,,3/150,주문 완료된 물건 당장 변경하고 싶어,TR,킴블린,,,,,
암웨이,주문수정요청,,3/150,주문 완료된 제품을 변경하려고 하는데 어디다 해,TR,킴블린,,,,,
암웨이,탈퇴방법문의,,12/51,탈퇴 방법 문의,TE,킴블린,,,,,제거
암웨이,탈퇴방법문의,,12/51,계정 탈퇴하는 방법 궁금해,TE,킴블린,,,,,
암웨이,탈퇴방법문의,,12/51,저 계정 탈퇴하고 싶은데 회원이에요,TR,킴블린,,,,,
암웨이,탈퇴방법문의,,12/51,계정 탈퇴하고 싶은데 방법이 뭐얌,TR,킴블린,,,,,
암웨이,탈퇴방법문의,,12/51,내 아이디 지우고 싶은데 어디서 지우면 될지 모르겠네,TR,킴블린,,,,,
암웨이,포인트사용문의,,15/148,포인트 사용 방법 안내,TE,킴블린,,,,제거,제거
암웨이,포인트사용문의,,15/148,포인트 활용하는 방법 보여줄래,TE,킴블린,,,,,
암웨이,포인트사용문의,,15/148,사이트에서 포인트 활용법,TR,킴블린,,,,,
암웨이,포인트사용문의,,15/148,포인트 1회 사용한도 알려죠,TR,킴블린,,,,,
암웨이,포인트사용문의,,15/148,어떻게 쓸 수가 있어 포인트는,TR,킴블린,,,,,
암웨이,포인트적립방법문의,,20/70,포인트 어떻게 모아요,TE,킴블린,,,,제거,제거
암웨이,포인트적립방법문의,,20/70,포인트 적립 비율이 어떻게 되니,TE,킴블린,,,,,
암웨이,포인트적립방법문의,,20/70,근데 어떻게 모으는 거니 포인트는,TR,킴블린,,,,,
암웨이,포인트적립방법문의,,20/70,포인트를 근데 어떻게 모으는 건지 궁금하당,TR,킴블린,,,,,
암웨이,포인트적립방법문의,,20/70,대체 어떻게 해야 적립되는 거야 포인트는,TR,킴블린,,,,,
암웨이,프로모션문의,,6/86,프로모션 중인 제품 목록,TE,킴블린,,제거 / '이벤트'와 발화 패턴 비슷 - 활용해서 '이벤트' 인텐트 제작 가능할듯,커머스에서도 한정적인 인텐트라고 생각함,제거,제거
암웨이,프로모션문의,,6/86,현재 진행 중인 프로모션 정보 보고 싶어,TE,킴블린,,,,,
암웨이,프로모션문의,,6/86,다음 달에 진행할 프로모션이 궁금해라,TR,킴블린,,,,,
암웨이,프로모션문의,,6/86,프로모션 내용 어디에서 확인할 수 있을까,TR,킴블린,,,,,
암웨이,프로모션문의,,6/86,홈페이지 어디에서 프로모션 리스트 봐,TR,킴블린,,,,,
암웨이,할부문의,,10/66,할부로 주문하는 것 되나요,TE,킴블린,,,,제거,제거
암웨이,할부문의,,10/66,카드 무이자 할부 조건이 있나요,TE,킴블린,,,,,
암웨이,할부문의,,10/66,신카로 결제할 건데 할부 12개월도 가능해여,TR,킴블린,,,,,
암웨이,할부문의,,10/66,신용카드 할부 결제는 대체 어떻게 하는 거야,TR,킴블린,,,,,
암웨이,할부문의,,10/66,신용카드 할부로 긁어서 사는 것도 되는지 알고 싶다,TR,킴블린,,,,,
암웨이,할부변경문의,,15/117,할부 단축 가능 여부 알고 싶어,TE,킴블린,,,,제거,제거
암웨이,할부변경문의,,15/117,할부 기간 변경 불가능한 거야,TE,킴블린,,,,,
암웨이,할부변경문의,,15/117,못 바꿔 할부 개월수,TR,킴블린,,,,,
암웨이,할부변경문의,,15/117,신용카드 할부 개월수 변경 방법,TR,킴블린,,,,,
암웨이,할부변경문의,,15/117,할부 기간 단축하고 싶으면 어떡해,TR,킴블린,,,,,
암웨이,환불시점문의,,30/173,반품 후 환불되는 날짜,TE,킴블린,,포인트 환불 인텐트 세분화 필요,,제거,제거
암웨이,환불시점문의,,30/173,포인트 환불 언제 완료되나요,TE,킴블린,,,,,
암웨이,환불시점문의,,30/173,체크카드 환불 처리 기간이 어떻게 되니,TR,킴블린,,,,,
암웨이,환불시점문의,,30/173,반품 후 환불은 언제 되는지,TR,킴블린,,,,,
암웨이,환불시점문의,,30/173,환불했는데 입금 시점은,TR,킴블린,,,,,
암웨이,앱사용방법(HOW_TO_USE_APP),,0/42,앱 사용방법,TR,킴블린,,,,,제거
암웨이,앱사용방법(HOW_TO_USE_APP),,0/42,앱 어떻게 사용해야돼,TR,킴블린,,,,,
암웨이,앱사용방법(HOW_TO_USE_APP),,0/42,어플 이용법에 대한 가이드 필요함,TR,킴블린,,,,,
암웨이,앱사용방법(HOW_TO_USE_APP),,0/42,어플리케이션 쓰는 방법 설명,TR,킴블린,,,,,
암웨이,앱사용방법(HOW_TO_USE_APP),,0/42,어플은 어떠한 방식으로 사용해야 될까,TR,킴블린,,,,,
KEP고객센터,가입,,4/28,가입 절차가 궁금해요,TE,킴블린,,,,,제거
KEP고객센터,가입,,4/28,가입하고 싶어요,TE,킴블린,,,,,
KEP고객센터,가입,,4/28,가입하려면 어떻게 해야 하나요,TR,킴블린,,,,,
KEP고객센터,가입,,4/28,어떻게 가입할 수 있는 건가요,TR,킴블린,,,,,
KEP고객센터,가입,,4/28,회원 가입은 어떤 절차로 진행되죠,TR,킴블린,,,,,
KEP고객센터,개인정보분실,,17/147,계정을 잃어버렸어요,TE,킴블린,,,,,
KEP고객센터,개인정보분실,,17/147,아이디를 모르겠어요,TE,킴블린,,,,,
KEP고객센터,개인정보분실,,17/147,이메일 계정을 잃어버린 경우,TR,킴블린,,,,,
KEP고객센터,개인정보분실,,17/147,가입한 계정이 생각 안 나는 경우,TR,킴블린,,,,,
KEP고객센터,개인정보분실,,17/147,가입할 때 무슨 비밀번호였는지 생각이 안 나요,TR,킴블린,,,,,
KEP고객센터,개인정보수정,,8/54,아이디를 변경하고 싶어요,TE,킴블린,,,,,
KEP고객센터,개인정보수정,,8/54,비밀번호를 바꾸고 싶어요,TE,킴블린,,,,,
KEP고객센터,개인정보수정,,8/54,아이니 다른 걸로 고쳐도 되나요,TR,킴블린,,,,,
KEP고객센터,개인정보수정,,8/54,패스워드를 변경하고 싶은디,TR,킴블린,,,,,
KEP고객센터,개인정보수정,,8/54,가입했었던 아이디 변경을 못하는건가요,TR,킴블린,,,,,
KEP고객센터,고객센터연결,,11/91,상담직원이 필요해,TE,킴블린,,,,,
KEP고객센터,고객센터연결,,11/91,이해를 못 하는데,TE,킴블린,,,,,
KEP고객센터,고객센터연결,,11/91,상담직원이랑 직접 소통하는 게 필요해 보여,TR,킴블린,,,,,
KEP고객센터,고객센터연결,,11/91,직접 이야기를 해봐야 할 거 같은데 담당 직원이랑,TR,킴블린,,,,,
KEP고객센터,고객센터연결,,11/91,담당자로 바꿔줘서 그 사람이랑 말하면 좋겠는데,TR,킴블린,,,,,
KEP고객센터,교환환불,,4/35,반품하고 싶어요,TE,킴블린,,,,제거,제거
KEP고객센터,교환환불,,4/35,환불 안내,TE,킴블린,,,,,
KEP고객센터,교환환불,,4/35,환불하고 싶은데 어떠케 진행하는지 알려줘,TR,킴블린,,,,,
KEP고객센터,교환환불,,4/35,안내해줄래 반품지,TR,킴블린,,,,,
KEP고객센터,교환환불,,4/35,어디로 반품해야 하지,TR,킴블린,,,,,
KEP고객센터,금액문의,,0/1,가격이 어떻게 되는지 정보 가져와줘,TR,킴블린,,제거,,,제거
KEP고객센터,도움말,,18/90,어떤 거 해줄래,TE,킴블린,,,,,
KEP고객센터,도움말,,18/90,챗봇 사용방법,TE,킴블린,,,,,
KEP고객센터,도움말,,18/90,어떤 거에 대해 답변해줄 수 있음 여기서,TR,킴블린,,,,,
KEP고객센터,도움말,,18/90,고객센터는 어떤 서비스에 대해 답변이 가능한 거죠,TR,킴블린,,,,,
KEP고객센터,도움말,,18/90,고객센터 챗봇에 오또캐 적어야 알맞은 답을 해줄까욥,TR,킴블린,,,,,
KEP고객센터,로그아웃,,18/85,로그아웃할 수 있었으면 좋겠어요,TE,킴블린,,,,,
KEP고객센터,로그아웃,,18/85,사이트에서 다른 아이디로 로그인하고 싶어요,TE,킴블린,,,,,
KEP고객센터,로그아웃,,18/85,앱 로그아웃 할 수 있음 좋겠는데,TR,킴블린,,,,,
KEP고객센터,로그아웃,,18/85,앱 로그아웃 못 찼겠는데,TR,킴블린,,,,,
KEP고객센터,로그아웃,,18/85,모바일에서 logout하기,TR,킴블린,,,,,
KEP고객센터,로그인방법,,21/105,새로운 기기에서 로그인하고 싶어요,TE,킴블린,,,,,
KEP고객센터,로그인방법,,21/105,다른 기기에서 로그인하고 싶어요,TE,킴블린,,,,,
KEP고객센터,로그인방법,,21/105,기기 교체 시 로그인 다시 해야 해,TR,킴블린,,,,,
KEP고객센터,로그인방법,,21/105,기기 바꿨는데 로그인이 안돼요,TR,킴블린,,,,,
KEP고객센터,로그인방법,,21/105,앱 삭제한 다음에 재설치했는데 로그인 바로 되나,TR,킴블린,,,,,
KEP고객센터,알람설정,,13/56,알람은 어떻게 설정하나요,TE,킴블린,,,,,
KEP고객센터,알람설정,,13/56,알람 설정하는 방법 알려주세요,TE,킴블린,,,,,
KEP고객센터,알람설정,,13/56,기기에서 알람 설정은 어찌하냐,TR,킴블린,,,,,
KEP고객센터,알람설정,,13/56,어떻게 알람 셋팅 설정하는 거냐,TR,킴블린,,,,,
KEP고객센터,알람설정,,13/56,핸드폰에서 어떻게 알람 맞춰야 하니,TR,킴블린,,,,,
KEP고객센터,알림설정,,40/105,푸시가 늦게 와요,TE,킴블린,,"알람설정' 인텐트와 유사, 추후 합쳐야 할듯",,,
KEP고객센터,알림설정,,40/105,알림 설정 변경법,TE,킴블린,,,,,
KEP고객센터,알림설정,,40/105,알림 아이폰에서 조정하는 법 궁금해,TR,킴블린,,,,,
KEP고객센터,알림설정,,40/105,알림 설정 어떻게 바꿈,TR,킴블린,,,,,
KEP고객센터,알림설정,,40/105,알림 울리는 시간이 메시지 수신 시간과  달라요,TR,킴블린,,,,,
KEP고객센터,암호키재발급,,21/82,다시 암호 발급 방법은 뭐예요,TE,킴블린,,,암호키라는 워딩이 걸림,,제거
KEP고객센터,암호키재발급,,21/82,암호 재발급 방법 알려주세요,TE,킴블린,,,,,
KEP고객센터,암호키재발급,,21/82,비밀 번호 재발급 방법 궁금해요,TR,킴블린,,,,,
KEP고객센터,암호키재발급,,21/82,암호키 잃어버렸을 때 해결 방법 뭐야,TR,킴블린,,,,,
KEP고객센터,암호키재발급,,21/82,보통 몇 자인가요 암호키는 ,TR,킴블린,,,,,
KEP고객센터,요금제할인,,10/46,단체 적용 할인이 있어요,TE,킴블린,,제거,,,제거
KEP고객센터,요금제할인,,10/46,요금 할인 혜택,TE,킴블린,,,,,
KEP고객센터,요금제할인,,10/46,몇 명 이상 적용되는 할인이 있나요,TR,킴블린,,,,,
KEP고객센터,요금제할인,,10/46,요금 할인 혜택도 있냐,TR,킴블린,,,,,
KEP고객센터,요금제할인,,10/46,단체인데 할인을 받을 수 있나요,TR,킴블린,,,,,
KEP고객센터,인증메일수발신오류,,20/100,인증 메일이 안 와요,TE,킴블린,,,,,제거
KEP고객센터,인증메일수발신오류,,20/100,인증 번호가 메일로 안 와요,TE,킴블린,,,,,
KEP고객센터,인증메일수발신오류,,20/100,인증메일이 안 오는 건 무슨 의미야,TR,킴블린,,,,,
KEP고객센터,인증메일수발신오류,,20/100,메일로 인증 번호가 발송이 안됐어요,TR,킴블린,,,,,
KEP고객센터,인증메일수발신오류,,20/100,인증번호 메일이 수신되지 않은 경우,TR,킴블린,,,,,
KEP고객센터,장점,,0/1,서비스를 이용하면 어떤 메리트릍 얻을 수 있을까,TR,킴블린,,제거 - 추후 '회사 소개' 정도로 가져갈 수 있을듯,,,
KEP고객센터,정보수정,,16/55,정보 수정하고 싶어요,TE,킴블린,,,,,
KEP고객센터,정보수정,,16/55,이름을 변경할 수 있나요,TE,킴블린,,,,,
KEP고객센터,정보수정,,16/55,이름을 변경할 수 있나요,TR,킴블린,,,,,
KEP고객센터,정보수정,,16/55,이름 바꾸는 방법 좀,TR,킴블린,,,,,
KEP고객센터,정보수정,,16/55,회원의 정보를 수정하고 싶어요,TR,킴블린,,,,,
KEP고객센터,탈퇴,,26/52,탈퇴하고 싶어요,TE,킴블린,,,,,
KEP고객센터,탈퇴,,26/52,회원 계정 영구 삭제 가능한가요,TE,킴블린,,,,,
KEP고객센터,탈퇴,,26/52,회원 탈퇴 문의는 어디로 가면 되조,TR,킴블린,,,,,
KEP고객센터,탈퇴,,26/52,회원 탈퇴 시 정보는 어떻게 되나요,TR,킴블린,,,,,
KEP고객센터,탈퇴,,26/52,탈퇴 이미 했는데 기존 정보들은 어떻게 됨,TR,킴블린,,,,,
KEP고객센터,프로모션안내,,5/62,프로모션 내용 궁금해요,TE,킴블린,,제거,암웨이 프로모션과 동일,,제거
KEP고객센터,프로모션안내,,5/62,프로모션 기간은 어떻게 되나요,TE,킴블린,,,,,
KEP고객센터,프로모션안내,,5/62,프로모션이 뭔지 알고 있어요,TR,킴블린,,,,,
KEP고객센터,프로모션안내,,5/62,요즘 올라온 프로모션이 뭔데,TR,킴블린,,,,,
KEP고객센터,프로모션안내,,5/62,프로모션 혜택 받는 방법에 대해 말해줘,TR,킴블린,,,,,
카카오페이,기타서비스_진입,일반 안내,21/71,기타 서비스 안내,TE,슬리,,제거 - '기타 서비스?',,,
카카오페이,기타서비스_진입,일반 안내,21/71,다른 서비스 안내해줘,TE,슬리,,,,,
카카오페이,기타서비스_진입,일반 안내,21/71,기타 어떤 서비스가 있는지 궁금해,TR,슬리,,,,,
카카오페이,기타서비스_진입,일반 안내,21/71,기타 서비스에는 과연 어떤 서비스가 포함되어 있을지,TR,슬리,,,,,
카카오페이,기타서비스_진입,일반 안내,21/71,제공하는 기타 서비스들 좀 소개 해줘봐,TR,슬리,,,,,
카카오페이,비밀번호_안내,계정 안내,21/76,비밀번호 찾기,TE,슬리,,,,,
카카오페이,비밀번호_안내,계정 안내,21/76,비밀번호 5회 오류가 났어요,TE,슬리,,,,,
카카오페이,비밀번호_안내,계정 안내,21/76,비밀번호 몇 번을 입력해도 틀리는데 어떡하죠,TR,슬리,,,,,
카카오페이,비밀번호_안내,계정 안내,21/76,비밀번호를 분실했을 때는 어떻게 해야 하죠,TR,슬리,,,,,
카카오페이,비밀번호_안내,계정 안내,21/76,송금 비밀번호 잠겼음,TR,슬리,,금융 특수적인 발화 (제거 필요),,,
카카오페이,상담사_연결,일반 안내,21/80,상담사 연결,TE,슬리,,,,,
카카오페이,상담사_연결,일반 안내,21/80,고객센터 연결,TE,슬리,,,,,
카카오페이,상담사_연결,일반 안내,21/80,상담원이랑 전화로 얘기하고 싶어,TR,슬리,,,,,
카카오페이,상담사_연결,일반 안내,21/80,잘 모르겠네요 상담직원 없나요,TR,슬리,,,,,
카카오페이,상담사_연결,일반 안내,21/80,고객센터 전화번호가 뭔지 알려주세요,TR,슬리,,,,,
카카오페이,스몰톡_소개,스몰톡,1/68,네 취미가 모니,TE,슬리,,보류,,,
카카오페이,스몰톡_소개,스몰톡,1/68,네 나이,TR,슬리,,,,,
카카오페이,스몰톡_소개,스몰톡,1/68,네 취미가 뭔데,TR,슬리,,,,,
카카오페이,스몰톡_소개,스몰톡,1/68,넌 어디서 왔어,TR,슬리,,,,,
카카오페이,스몰톡_소개,스몰톡,1/68,넌 어디 출신이야,TR,슬리,,,,,
카카오페이,챗봇 홈,일반 안내,1/79,좀 도와줘,TE,슬리,,,,,
카카오페이,챗봇 홈,일반 안내,1/79,나랑 이야기할래,TR,슬리,,,,,
카카오페이,챗봇 홈,일반 안내,1/79,너 거기 있니,TR,슬리,,,,,
카카오페이,챗봇 홈,일반 안내,1/79,도움,TR,슬리,,,,,
카카오페이,챗봇 홈,일반 안내,1/79,반갑습니당,TR,슬리,,이후 스몰톡과 겹칠 우려 존재,,,
카카오페이,휴지통,폴백,1/129,ㅂㄹㄴㄹㄹㅎㄷ서ㅠ,TE,슬리,,보류,,,
카카오페이,휴지통,폴백,1/129,아이린,TE,슬리,,,,,
카카오페이,휴지통,폴백,1/129,산본 이마트 쉬는날,TR,슬리,,향후 다른 인텐트와 겹칠 우려 존재,,,
카카오페이,휴지통,폴백,1/129,메디컬동물병원숲,TR,슬리,,,,,
카카오페이,휴지통,폴백,1/129,문의하신 내용 관련하여 답변 드리겠습니다 신속하게 답변 드리지 못해 죄송합니다 본인확인 정보 초기화를 위해 보내주신 서류 확인 시 카카오페이 서비스 중 [ 카드/카카오머니 ] 서비스가 탈퇴되지 않아 즉각적인 처리에 어려움이 있는 점 안내드립니다 번거로우시겠지만 본인인증 초기화 진행을 위해 카카오페이 고객센터를 통해 [ 카드/카카오머니 ] 서비스 해지를 요청하신 후 재문의 주시면 빠르게 도움드리도록 하겠습니다 서비스 해지하면 남은 돈은 소멸 안되고 그대로 쓸 수 있는 건가요 이 휴대폰 쓰던 이전 명의자가 지금 이용하고 있는 휴대폰에서 카카오페이가 해지 되지는 않을까요 아니라면 해지 부탁드립니다~,TR,슬리,,,,,
카카오페이,계정가입_본인인증,계정 안내,25/73(55),계정 인증 불가합니다,TE,슬리,,,,,
카카오페이,계정가입_본인인증,계정 안내,25/73(55),통신사 정보 불일치로 본인인증 오류,TE,슬리,,,,,
카카오페이,계정가입_본인인증,계정 안내,25/73(55),인증하니까 틀리다고 나오면서 본인인증이 안돼요,TR,슬리,,,,,
카카오페이,계정가입_본인인증,계정 안내,25/73(55),가입하고 싶은데 외국이라 그런지 인증이 안되네요,TR,슬리,,,,,
카카오페이,계정가입_본인인증,계정 안내,25/73(55),기존에 등록된 정보랑 다르다며 인증이 실패해요,TR,슬리,,,,,
카카오페이,계정정보_변경,계정 안내,20/83,번호 바껴서 정보 변경 부탁드립니다,TE,슬리,,,,,
카카오페이,계정정보_변경,계정 안내,20/84,개인정보 변경,TE,슬리,,,,,
카카오페이,계정정보_변경,계정 안내,20/85,불가피한 사유로 이름을 변경하게 되었는데 어찌 처리하나요,TR,슬리,,,,,
카카오페이,계정정보_변경,계정 안내,20/86,계정 초기화 요청합니다,TR,슬리,,,,,
카카오페이,계정정보_변경,계정 안내,20/87,명의 다른걸 해결하려면 무조건 계정을 초기화하는 거냐,TR,슬리,,,,,
카카오페이,알림톡차단_문의,일반 안내,20/75,광고 알림 끄기,TE,슬리,,,,,
카카오페이,알림톡차단_문의,일반 안내,20/75,알림 문자 차단합니다,TE,슬리,,,,,
카카오페이,알림톡차단_문의,일반 안내,20/75,광고성 문자 차단해줘,TR,슬리,,,,,
카카오페이,알림톡차단_문의,일반 안내,20/75,결제 알림 문자를 보기가 너무 힘드네요 광고문자가 너무 많아서,TR,슬리,,,,,
카카오페이,알림톡차단_문의,일반 안내,20/75,수신 동의 설정,TR,슬리,,,,,
GS건설,개인정보변경요청,계정 안내,39/130,개인 정보 변경 어떻게 해,TE,슬리,,,,,
GS건설,개인정보변경요청,계정 안내,39/130,주소 어떻게 바꾸는지 알려줘,TE,슬리,,,,,
GS건설,개인정보변경요청,계정 안내,39/130,인적사항 변경을 하고 싶은데 가능하니,TR,슬리,,,,,
GS건설,개인정보변경요청,계정 안내,39/130,주소지 변경하고싶어 인터넷으로는 변경이 절대 안되는 거야,TR,슬리,,,,,
GS건설,개인정보변경요청,계정 안내,39/130,개명해서 신고하려면 어떤 서류가 필요한지 가르쳐줘,TR,슬리,,,,,
GS건설,상담요청,일반 안내,30/90,상담사 연결 부탁해,TE,슬리,,,,,
GS건설,상담요청,일반 안내,30/90,1:1 연결하고 싶은데요,TE,슬리,,,,,
GS건설,상담요청,일반 안내,30/90,챗봇에 문의하고 싶은게 없는데 어디로 얘기해야 됨 ,TR,슬리,,,,,
GS건설,상담요청,일반 안내,30/90,나이가 많아서 챗봇 사용 못하겠어 상담사랑 통화할게 ,TR,슬리,,,,,
GS건설,상담요청,일반 안내,30/90,직원이랑 상담하고 싶어,TR,슬리,,,,,
GS건설,인사,스몰톡,0/121,안녕,TR,슬리,,보류 - 스몰톡,,,
GS건설,인사,스몰톡,0/121,하잉,TR,슬리,,,,,
GS건설,인사,스몰톡,0/121,헬로헬로,TR,슬리,,,,,
GS건설,인사,스몰톡,0/121,아리가또,TR,슬리,,,,,
GS건설,인사,스몰톡,0/121,처음 뵙겠습니다,TR,슬리,,,,,
GS건설,감사,스몰톡,0/200,와 정말 감사합니다,TR,슬리,,,,,
GS건설,감사,스몰톡,0/200,thank you,TR,슬리,,,,,
GS건설,감사,스몰톡,0/200,땅큐땅큐,TR,슬리,,,,,
GS건설,감사,스몰톡,0/200,진짜 ㄳ,TR,슬리,,,,,
GS건설,감사,스몰톡,0/200,고마우 정말로,TR,슬리,,,,,
GS건설,칭찬,스몰톡,0/200,영리하네 완전히,TR,슬리,,,,,
GS건설,칭찬,스몰톡,0/200,짱 좋아,TR,슬리,,,,,
GS건설,칭찬,스몰톡,0/200,모르는거 1도 없네,TR,슬리,,,,,
GS건설,칭찬,스몰톡,0/200,너 진짜 레게노,TR,슬리,,,,,
GS건설,칭찬,스몰톡,0/200,최고네 AI중에서,TR,슬리,,,,,
GS건설,비난,스몰톡,0/200,가만안둬,TR,슬리,,,,,
GS건설,비난,스몰톡,0/200,아 존나 바보같아,TR,슬리,,,,,
GS건설,비난,스몰톡,0/200,아닐걸,TR,슬리,,,,,
GS건설,비난,스몰톡,0/200,ㄴㄴㄴㄴㄴ,TR,슬리,,,,,
GS건설,비난,스몰톡,0/200,병신새끼,TR,슬리,,,,,
GS건설,호명,스몰톡,0/200,있잖아,TR,슬리,,,,,
GS건설,호명,스몰톡,0/200,자기야,TR,슬리,,,,,
GS건설,호명,스몰톡,0/200,여기좀바바,TR,슬리,,,,,
GS건설,호명,스몰톡,0/200,저기 선생님,TR,슬리,,,,,
GS건설,호명,스몰톡,0/200,야아아아아아,TR,슬리,,,,,
GS건설,기능,스몰톡,0/200,너 뭐 할 수 있어,TR,슬리,,,,,
GS건설,기능,스몰톡,0/200,뭐 할 수 있음,TR,슬리,,,,,
GS건설,기능,스몰톡,0/200,이게뭐얌,TR,슬리,,,,,
GS건설,기능,스몰톡,0/200,할수있는게 몬데,TR,슬리,,,,,
GS건설,기능,스몰톡,0/200,답해줄수 있는 질문이 뭐니,TR,슬리,,,,,
GS건설,답변,스몰톡,0/250,응,TR,슬리,,,,,
GS건설,답변,스몰톡,0/250,ㅇㅇㅇㅇㅇㅇ,TR,슬리,,,,,
GS건설,답변,스몰톡,0/250,무슨 말인지 알겠음,TR,슬리,,,,,
GS건설,답변,스몰톡,0/250,넹 알또요,TR,슬리,,,,,
GS건설,답변,스몰톡,0/250,또 보자잉,TR,슬리,,,,,
GS건설,웃음,스몰톡,0/200,ㅋㅋㅋㅋㅋㅋ,TR,슬리,,,,,
GS건설,웃음,스몰톡,0/200,ㅎㅎㅎㅎㅎㅎㅎㅎ,TR,슬리,,,,,
GS건설,웃음,스몰톡,0/200,키키키킼ㅋㄴㅋㅋㅋㅋㅋ,TR,슬리,,,,,
GS건설,웃음,스몰톡,0/200,허허허헠ㅋㅋㅋㅋㅋ,TR,슬리,,,,,
GS건설,웃음,스몰톡,0/200,키득ㅋ히킿ㅎㅎㅋㅋ,TR,슬리,,,,,
GS건설,기타,스몰톡,0/200,날씨,TR,슬리,,,,,
GS건설,기타,스몰톡,0/200,점심추천,TR,슬리,,,,,
GS건설,기타,스몰톡,0/200,오늘 피곤함,TR,슬리,,,,,
GS건설,기타,스몰톡,0/200,지금모할까,TR,슬리,,,,,
GS건설,기타,스몰톡,0/200,뭘 먹어야 잘먹었다고 소문나지,TR,슬리,,,,,
지자체공통봇,감사,스몰톡,20/83,고맙습니다,TE,슬리,,,,,
지자체공통봇,감사,스몰톡,20/83,카톡 대화 종료요,TE,슬리,,,,,
지자체공통봇,감사,스몰톡,20/83,이런 거까지 가능하다니 너 정말 똑똑하구나,TR,슬리,,,,,
지자체공통봇,감사,스몰톡,20/83,ㅇㅋ 해결돼쓰,TR,슬리,,,,,
지자체공통봇,감사,스몰톡,20/83,그만 대화 종료해도 될 것 같아 고마워,TR,슬리,,,,,
지자체공통봇,자주묻는질문,일반 안내,20/95,FAQ 확인 가능할까,TE,슬리,,,,,
지자체공통봇,자주묻는질문,일반 안내,20/95,어떤 질문이 인기 있어,TE,슬리,,,,,
지자체공통봇,자주묻는질문,일반 안내,20/95,사람들이 궁금해 하는 내용이 담긴 인기 질문을 알려줘,TR,슬리,,,,,
지자체공통봇,자주묻는질문,일반 안내,20/95,빠르게 준비된 답변을 받아볼 수 있을까,TR,슬리,,,,,
지자체공통봇,자주묻는질문,일반 안내,20/95,사람들이 어떤 걸 많이 질문하는지 확인할 수 있어,TR,슬리,,,,,
지자체공통봇,발화가이드,일반 안내,20/80,무엇을 물어보면 되나요,TE,슬리,,,,,
지자체공통봇,발화가이드,일반 안내,20/80,질문 가이드가 있다면 얘기해줘,TE,슬리,,,,,
지자체공통봇,발화가이드,일반 안내,20/80,챗봇 사용 방법에 대한 안내는 어디있죠,TR,슬리,,,,,
지자체공통봇,발화가이드,일반 안내,20/80,아무거나 물어봐도 너가 다 대답해주는거야,TR,슬리,,,,,
지자체공통봇,발화가이드,일반 안내,20/80,어떤 문장으로 말해야 알아 들을 수 있어,TR,슬리,,,,,
BNK캐피탈,개인정보변경,,20/182,개인정보 바꿔야 합니다,TE,데일,,,,,
BNK캐피탈,개인정보변경,,20/182,개인정보 변경해야 해,TE,데일,,,,,
BNK캐피탈,개인정보변경,,20/182,민증번호 변경됐어요,TR,데일,,,,,
BNK캐피탈,개인정보변경,,20/182,개명했는데 어떻게 하죠,TR,데일,,,,,
BNK캐피탈,개인정보변경,,20/182,전화버노 좀 정정해줄래,TR,데일,,,,,
BNK캐피탈,광고수신거부신청,,20/176,마케팅 안 받는 방법,TE,데일,,,,,
BNK캐피탈,광고수신거부신청,,20/176,광고 안 보내면 안 되냐,TE,데일,,,,,
BNK캐피탈,광고수신거부신청,,20/176,SNS 광고 수신거부해줘,TR,데일,,,,,
BNK캐피탈,광고수신거부신청,,20/176,마케팅 거부한다고 누누이 전화했음,TR,데일,,,,,
BNK캐피탈,광고수신거부신청,,20/176,광고 거절하는 방법이 궁금한데 어디에서 확인할 수 있음,TR,데일,,,,,
BNK캐피탈,납입내역조회,,20/367,납입이력확인,TE,데일,,제거,금융 도메인,제거,제거
BNK캐피탈,납입내역조회,,20/367,현재까지 납부 이력,TE,데일,,,,,
BNK캐피탈,납입내역조회,,20/367,잔여회차 안내해,TR,데일,,,,,
BNK캐피탈,납입내역조회,,20/367,입금 여부 확인되나요,TR,데일,,,,,
BNK캐피탈,납입내역조회,,20/367,대출금 입금한 거 확인이 될까요,TR,데일,,,,,
BNK캐피탈,내대출조회,,20/298,계약한 대출 조건 어디서 봐,TE,데일,,제거,금융 도메인,제거,제거
BNK캐피탈,내대출조회,,20/298,내 대출을 조회해줘,TE,데일,,,,,
BNK캐피탈,내대출조회,,20/298,대출 계약서 조건 말해줘요,TR,데일,,,,,
BNK캐피탈,내대출조회,,20/298,가상계좌번호 알아보기,TR,데일,,,,,
BNK캐피탈,내대출조회,,20/298,상환스케쥴 확인이 필요해,TR,데일,,,,,
BNK캐피탈,대출금리조회,,20/177,대출 이자가 얼마야,TE,데일,,제거,금융 도메인,제거,제거
BNK캐피탈,대출금리조회,,20/177,신용대출 금리 어느 정도 나오니,TE,데일,,,,,
BNK캐피탈,대출금리조회,,20/177,금리 안내 페이지 연결해줘,TR,데일,,,,,
BNK캐피탈,대출금리조회,,20/177,자동대출 금리 얼마 정도야,TR,데일,,,,,
BNK캐피탈,대출금리조회,,20/177,앱에서 대출 연금리 알 수 있는 방법,TR,데일,,,,,
BNK캐피탈,대출기간조회,,20/174,신용대출 가능한 최대 기간,TE,데일,,제거,금융 도메인,제거,제거
BNK캐피탈,대출기간조회,,20/174,중금리대출 기간 여쭤봅니다,TE,데일,,,,,
BNK캐피탈,대출기간조회,,20/174,렌터카 몇 개월 가능해,TR,데일,,,,,
BNK캐피탈,대출기간조회,,20/174,아파트담보대출의 상환기간을 너 알고 있니,TR,데일,,,,,
BNK캐피탈,대출기간조회,,20/174,다이렉트론 대출 가능 기간 확인 요청,TR,데일,,,,,
BNK캐피탈,대출만기연장,,20/198,대출 끝나는 일자 연장 요청,TE,데일,,제거,금융 도메인,제거,제거
BNK캐피탈,대출만기연장,,20/198,자동차리스 만기 일자 연장해줘,TE,데일,,,,,
BNK캐피탈,대출만기연장,,20/198,대출 만기일 늘려줘,TR,데일,,,,,
BNK캐피탈,대출만기연장,,20/198,아파트 담보대출 기간 좀 늘려줘,TR,데일,,,,,
BNK캐피탈,대출만기연장,,20/198,기업 대출 만기 늘릴 수 있을까,TR,데일,,,,,
BNK캐피탈,대출사기문의,,20/288,사기 친 사람 신고는,TE,데일,,제거,금융 도메인,제거,제거
BNK캐피탈,대출사기문의,,20/288,명의 도용된 거면 어떤 피해가 있나요,TE,데일,,,,,
BNK캐피탈,대출사기문의,,20/288,명의 도용해서 대출했나봐,TR,데일,,,,,
BNK캐피탈,대출사기문의,,20/288,누군가 내 명의를 훔쳐가지고 대출을 받았나봐요 어떻게 해,TR,데일,,,,,
BNK캐피탈,대출사기문의,,20/288,신청이력이 확인되면 사기입니다,TR,데일,,,,,
BNK캐피탈,대출상품조회,,20/276,다이렉트론 신청 조건이 있나요,TE,데일,,제거,금융 도메인,제거,제거
BNK캐피탈,대출상품조회,,20/276,기업 대출 상품을 이용하려고 하는데,TE,데일,,,,,
BNK캐피탈,대출상품조회,,20/276,대출 상품 목록 보여주세요,TR,데일,,,,,
BNK캐피탈,대출상품조회,,20/276,자동대출 조건 확인하는 법,TR,데일,,,,,
BNK캐피탈,대출상품조회,,20/276,소액대출 상품 찾습니다,TR,데일,,,,,
BNK캐피탈,대출수수료조회,,20/182,일부상환하면 수수료 발생되는지,TE,데일,,제거,금융 도메인,제거,제거
BNK캐피탈,대출수수료조회,,20/182,대출받을 때 추가 비용 확인 요청,TE,데일,,,,,
BNK캐피탈,대출수수료조회,,20/182,수수료 종류 알려주세요,TR,데일,,,,,
BNK캐피탈,대출수수료조회,,20/182,자동차 대출 수수료 종류 알려줘,TR,데일,,,,,
BNK캐피탈,대출수수료조회,,20/182,신용대출 수수료 안내 바랍니다,TR,데일,,,,,
BNK캐피탈,대출신청,,19/284,기업 대출 상담받고 싶어요,TE,데일,,제거,금융 도메인,제거,제거
BNK캐피탈,대출신청,,19/284,대출받으려고 하는데 어떻게 해,TE,데일,,,,,
BNK캐피탈,대출신청,,19/284,추가 대출을 신청합니다,TR,데일,,,,,
BNK캐피탈,대출신청,,19/284,대출은 어떻게 받아요,TR,데일,,,,,
BNK캐피탈,대출신청,,19/284,직장인 대출 모바일로 할 수 있어,TR,데일,,,,,
BNK캐피탈,대출입출금시간문의,,20/185,결제일에 돈 언제 나가,TE,데일,,제거,금융 도메인,제거,제거
BNK캐피탈,대출입출금시간문의,,20/185,출금 시간 언제인지 말해줘,TE,데일,,,,,
BNK캐피탈,대출입출금시간문의,,20/185,대출금 입금 시간 몇 시야,TR,데일,,,,,
BNK캐피탈,대출입출금시간문의,,20/185,대출 신청금액 언제 들어와,TR,데일,,,,,
BNK캐피탈,대출입출금시간문의,,20/185,자동이체로 출금되는 시간 언제야,TR,데일,,,,,
BNK캐피탈,대출입출금오류,,20/199,입금하는데 오류 생겼어,TE,데일,,제거,금융 도메인,제거,제거
BNK캐피탈,대출입출금오류,,20/199,대출금 입금할 때 오류가 났어,TE,데일,,,,,
BNK캐피탈,대출입출금오류,,20/199,계좌에 돈 있는데 왜 출금이 안되요 확인 해주세요,TR,데일,,,,,
BNK캐피탈,대출입출금오류,,20/199,납부금 잘못 넣은 거 처리되나,TR,데일,,,,,
BNK캐피탈,대출입출금오류,,20/199,어째 돈이 잘못 나간 거 같은데 빨리 확인해 줘 바,TR,데일,,,,,
BNK캐피탈,대출정보변경,,20/420,내 대출조건 바꿀 수 있을까,TE,데일,,제거,금융 도메인,제거,제거
BNK캐피탈,대출정보변경,,20/420,납입계좌 국민은행으로 변경할게,TE,데일,,,,,
BNK캐피탈,대출정보변경,,20/420,대출기간 정정 절차,TR,데일,,,,,
BNK캐피탈,대출정보변경,,20/420,납입 기간을 길게 바꾸고 싶소,TR,데일,,,,,
BNK캐피탈,대출정보변경,,20/420,새로운 주소 등록하는 법 보여줘,TR,데일,,,,,제거
BNK캐피탈,대출진행상황조회,,20/201,대출 진행 중인지 궁금함,TE,데일,,제거,금융 도메인,제거,
BNK캐피탈,대출진행상황조회,,20/201,대출 심사 절차 조회,TE,데일,,,,,
BNK캐피탈,대출진행상황조회,,20/201,대출 심사 상황 답변 주세요,TR,데일,,,,,
BNK캐피탈,대출진행상황조회,,20/201,대출 신청건 심사 진행 여부 확인,TR,데일,,,,,
BNK캐피탈,대출진행상황조회,,20/201,나 어제 대출 넣은거 있잖아 그거 어떻게 되어가냐,TR,데일,,,,,
BNK캐피탈,대출취소철회,,20/208,대출 철회 신청,TE,데일,,제거,금융 도메인,제거,제거
BNK캐피탈,대출취소철회,,20/208,대출받은 거 취소할래,TE,데일,,,,,
BNK캐피탈,대출취소철회,,20/208,지금 대출 진행중인 거 멈추게 하는 방법,TR,데일,,,,,
BNK캐피탈,대출취소철회,,20/208,대출 신청했는데 안 할거니 취소해주세요,TR,데일,,,,,
BNK캐피탈,대출취소철회,,20/208,대출 진행되는 건 중지를 요청드려요,TR,데일,,,,,
BNK캐피탈,대출한도조회,,20250,대출한도 조회를 하고 싶어요,TE,데일,,제거,금융 도메인,제거,제거
BNK캐피탈,대출한도조회,,20250,대출한도가 얼마만큼 나오려나,TE,데일,,,,,
BNK캐피탈,대출한도조회,,20250,내 신용등급에서는 대출 어느정도까지 되나요,TR,데일,,,,,
BNK캐피탈,대출한도조회,,20250,대출 가능한 금액을 문의합니다,TR,데일,,,,,
BNK캐피탈,대출한도조회,,20250,대출한도 금액 확인하고 싶어,TR,데일,,,,,
BNK캐피탈,상담사연결,,20/69,상담사 연결,TE,데일,,,,,
BNK캐피탈,상담사연결,,20/69,상담원 연결 부탁드립니다,TE,데일,,,,,
BNK캐피탈,상담사연결,,20/69,상담원과 일대일 연결,TR,데일,,,,,
BNK캐피탈,상담사연결,,20/69,상담원 따로 없나요,TR,데일,,,,,
BNK캐피탈,상담사연결,,20/69,고객센터 사람이랑 대화할래,TR,데일,,,,,
BNK캐피탈,앱설치문의,,14/188,애플리케이션 내려받기,TE,데일,,,,,
BNK캐피탈,앱설치문의,,14/188,스마트폰에 애플리케이션 깔기,TE,데일,,,,,
BNK캐피탈,앱설치문의,,14/188,앱 설치 요청하려면,TR,데일,,,,,
BNK캐피탈,앱설치문의,,14/188,앱 설치 방법이 뭔지,TR,데일,,,,,
BNK캐피탈,앱설치문의,,14/188,앱 다운로드 방법 궁금한걸,TR,데일,,,,,
BNK캐피탈,앱설치오류,,14/223,APP 실행해도 안 켜짐,TE,데일,,,,,
BNK캐피탈,앱설치오류,,14/223,어플도 넘어가질 않아요,TE,데일,,,,,
BNK캐피탈,앱설치오류,,14/223,앱 다운로드 받는데 화면이 계속 멈춰있네,TR,데일,,,,,
BNK캐피탈,앱설치오류,,14/223,안 깔리는데 APP 관리 좀 해라,TR,데일,,,,,
BNK캐피탈,앱설치오류,,14/223,설치된 걸로 나오는데 앱 없어용,TR,데일,,,,,
BNK캐피탈,운영시간문의,,12/163,영업시간 정해져 있어,TE,데일,,,,,
BNK캐피탈,운영시간문의,,12/163,카톡 몇 시까지 보낼 수 있어,TE,데일,,,,,
BNK캐피탈,운영시간문의,,12/163,영업지점 저녁에도 하나요,TR,데일,,,,,
BNK캐피탈,운영시간문의,,12/163,고객센터에서 상담사 연결 시간 문의,TR,데일,,,,,
BNK캐피탈,운영시간문의,,12/163,고객센터 점심시간에도 응대해,TR,데일,,,,,
BNK캐피탈,이메일열람문의,,20/143,이메일 열어줘,TE,데일,,,,,제거
BNK캐피탈,이메일열람문의,,20/143,이메일 암호가 틀렸데,TE,데일,,,,,
BNK캐피탈,이메일열람문의,,20/143,안 열리는 메일 불만,TR,데일,,,,,
BNK캐피탈,이메일열람문의,,20/143,이메일의 설정이 잘못된 건가요,TR,데일,,,,,
BNK캐피탈,이메일열람문의,,20/143,메일을 받았는데 확인이 안 됨,TR,데일,,,,,
BNK캐피탈,회원가입로그인오류,,20/206,로그인 선택 안 되는 거 조치해줘,TE,데일,,,,,
BNK캐피탈,회원가입로그인오류,,20/206,지문인증 먹통임,TE,데일,,,,,
BNK캐피탈,회원가입로그인오류,,20/206,회원가입 휴대폰 인증 후 진행 안되는데요,TR,데일,,,,,
BNK캐피탈,회원가입로그인오류,,20/206,회갑 정보 제대로 입력했는데 자꾸 오류 났다네,TR,데일,,,,,
BNK캐피탈,회원가입로그인오류,,20/206,로그인 상태 유지할 수 없나요,TR,데일,,,,,
코이카,경쟁률문의,,6/132,경쟁률 알려줘,TE,데일,, 제거,글로벌하진 않은듯,제거,제거
코이카,경쟁률문의,,6/132,경쟁률은 어디에 나와있어,TE,데일,,,,,
코이카,경쟁률문의,,6/132,지원자 몇 명이었는지 궁금해 작년에,TR,데일,,,,,
코이카,경쟁률문의,,6/132,지금까지의 경쟁률 공개는 따로 안 돼있는 건가,TR,데일,,,,,
코이카,경쟁률문의,,6/132,올해 지원자 몇 명이나 있는거야 작년보다 많어,TR,데일,,,,,
코이카,국내교육일정문의,,2/81,교육일정좀 알려줘,TE,데일,,제거,교육에 한함,제거,제거
코이카,국내교육일정문의,,2/81,프로그램 국내교육 일정 확인 어떻게 해,TE,데일,,,,,
코이카,국내교육일정문의,,2/81,교육 수료일 알아,TR,데일,,,,,
코이카,국내교육일정문의,,2/81,예정된 교육 날짜는,TR,데일,,,,,
코이카,국내교육일정문의,,2/81,교육 수료일 궁금해,TR,데일,,,,,
코이카,면접포기요청,,4/136,면접전형을 포기하고 싶습니다,TE,데일,,제거,채용 관련,제거,제거
코이카,면접포기요청,,4/136,면접 불참하면 어떻게 되는지,TE,데일,,,,,
코이카,면접포기요청,,4/136,면접일 참석을 못하여 다음 면접에 참석가능할까,TR,데일,,,,,
코이카,면접포기요청,,4/136,면접전형 포기해야 돼서 추후에 불이익이 따를까요,TR,데일,,,,,
코이카,면접포기요청,,4/136,면접 시 시차로 인해 시간 변경 안되면 포기해야는데 어떡하지,TR,데일,,,,,
코이카,연락처문의,,0/237,전화번호 어떻게 돼,TE,데일,,,,,
코이카,연락처문의,,0/237,대표 번호 뭐야,TE,데일,,,,,
코이카,연락처문의,,0/237,상담할 수 있는 번호,TR,데일,,,,,
코이카,연락처문의,,0/237,그 번호 뭐지,TR,데일,,,,,
코이카,연락처문의,,0/237,전화번호가 뭐였지,TR,데일,,,,,
코이카,합격자확인요청,,5/63,합격자 확인하고싶어,TE,데일,,제거,채용에 한함,제거,제거
코이카,합격자확인요청,,5/63,합격자 어디서 봐,TE,데일,,,,,
코이카,합격자확인요청,,5/63,붙었다는 결과 확인이 하고 싶어,TR,데일,,,,,
코이카,합격자확인요청,,5/63,붙고 말고 할것 없이 어떤 결과던 확인할 수 있는거지,TR,데일,,,,,
코이카,합격자확인요청,,5/63,전형별로 붙었는지 어떻게 알 수 있을까요,TR,데일,,,,,
교보생명,A-도움말,,43,도움말,TE,데일,,,,,
교보생명,A-도움말,,43,가이드,TE,데일,,,,,
교보생명,A-도움말,,43,사용법,TR,데일,,,,,
교보생명,A-도움말,,43,챗봇이용안내,TR,데일,,,,,
교보생명,A-도움말,,43,어떻게 사용해,TR,데일,,,,,
교보생명,D-정보변경방법,,13/47,전화번호가 바뀌었어요,TE,데일,,,,,
교보생명,D-정보변경방법,,13/47,주소를 바꾸고 싶어요,TE,데일,,,,,
교보생명,D-정보변경방법,,13/47,가입한 연락처는 어떻게 바꾸나요,TR,데일,,,,,
교보생명,D-정보변경방법,,13/47,가입한 이메일정보 변경은 어떻게 하나요,TR,데일,,,,,
교보생명,D-정보변경방법,,13/47,개인정보 변경하려면 어떻게 해,TR,데일,,,,,
교보생명,A-상담원과 대화,,TR: 34 / PT: 28,상담하고싶어,TE,데일,,,,,
교보생명,A-상담원과 대화,,TR: 34 / PT: 28,콜센터,TE,데일,,,,,
교보생명,A-상담원과 대화,,TR: 34 / PT: 28,콜센터 연결바람,TR,데일,,,,,
교보생명,A-상담원과 대화,,TR: 34 / PT: 28,카톡으로 사람한테 물어볼 수도 있어,TR,데일,,,,,
교보생명,A-상담원과 대화,,TR: 34 / PT: 28,저녁인데 어떻게 상담할 수 있니,TR,데일,,,,,
교보생명,A-알림서비스,,TR: 44 / PT: 17,너 차단,TE,데일,,,,,
교보생명,A-알림서비스,,TR: 44 / PT: 17,일반 우편만 받고 싶어요,TE,데일,,,,,
교보생명,A-알림서비스,,TR: 44 / PT: 17,알림서비스 받고 싶어요,TR,데일,,,,,
교보생명,A-알림서비스,,TR: 44 / PT: 17,문자수신,TR,데일,,,,,
교보생명,A-알림서비스,,TR: 44 / PT: 17,수신신청,TR,데일,,,,,
교보생명,A-처음으로,,TR: 1 / PT: 27,맨 처음으로,TE,데일,,,,,
교보생명,A-처음으로,,TR: 1 / PT: 27,menu,TE,데일,,,,,
교보생명,A-처음으로,,TR: 1 / PT: 27,젤 첨으로,TR,데일,,,,,
교보생명,A-처음으로,,TR: 1 / PT: 27,다시 대화하기,TR,데일,,,,,
교보생명,A-처음으로,,TR: 1 / PT: 27,처음으로 이동,TR,데일,,,,,
교보생명,A-탈출,,PT:14,그만,TE,데일,,보류 - 스몰톡류?,,,
교보생명,A-탈출,,PT:14,됐어,TE,데일,,,,,
교보생명,A-탈출,,PT:14,그만 물어봐,TR,데일,,,,,
교보생명,A-탈출,,PT:14,종료,TR,데일,,,,,
교보생명,A-탈출,,PT:14,대화그만,TR,데일,,,,,